"LOCATION","INDICATOR","SUBJECT","MEASURE","FREQUENCY","TIME","Value","Flag Codes"
"USA","GGEXP","TOT","THND_USD_CAP","A","2009",20169.84,
"USA","GGEXP","TOT","THND_USD_CAP","A","2010",20739.88,
"USA","GGEXP","TOT","THND_USD_CAP","A","2011",20800.37,
"USA","GGEXP","TOT","THND_USD_CAP","A","2012",20567.78,
"USA","GGEXP","TOT","THND_USD_CAP","A","2013",20425.04,
"USA","GGEXP","TOT","THND_USD_CAP","A","2014",20801.28,
"USA","GGEXP","TOT","THND_USD_CAP","A","2015",21218.22,
"USA","GGEXP","TOT","THND_USD_CAP","A","2016",21779.51,
"USA","GGEXP","TOT","PC_GDP","A","1970",34.0122169304498,
"USA","GGEXP","TOT","PC_GDP","A","1971",34.3009325466487,
"USA","GGEXP","TOT","PC_GDP","A","1972",34.129076477895,
"USA","GGEXP","TOT","PC_GDP","A","1973",33.0160883525871,
"USA","GGEXP","TOT","PC_GDP","A","1974",34.1787484060497,
"USA","GGEXP","TOT","PC_GDP","A","1975",36.4771514154287,
"USA","GGEXP","TOT","PC_GDP","A","1976",35.0399209197763,
"USA","GGEXP","TOT","PC_GDP","A","1977",34.0967740852973,
"USA","GGEXP","TOT","PC_GDP","A","1978",33.2973205560113,
"USA","GGEXP","TOT","PC_GDP","A","1979",33.1412465052241,
"USA","GGEXP","TOT","PC_GDP","A","1980",34.9378254361128,
"USA","GGEXP","TOT","PC_GDP","A","1981",35.1037198890299,
"USA","GGEXP","TOT","PC_GDP","A","1982",37.3025816810867,
"USA","GGEXP","TOT","PC_GDP","A","1983",37.3328711920414,
"USA","GGEXP","TOT","PC_GDP","A","1984",36.1728792561078,
"USA","GGEXP","TOT","PC_GDP","A","1985",36.7308190471283,
"USA","GGEXP","TOT","PC_GDP","A","1986",37.1434733685464,
"USA","GGEXP","TOT","PC_GDP","A","1987",36.8880688478563,
"USA","GGEXP","TOT","PC_GDP","A","1988",36.0356118812122,
"USA","GGEXP","TOT","PC_GDP","A","1989",36.120712099437,
"USA","GGEXP","TOT","PC_GDP","A","1990",37.0587677514291,
"USA","GGEXP","TOT","PC_GDP","A","1991",37.9119808527411,
"USA","GGEXP","TOT","PC_GDP","A","1992",38.7392899452984,
"USA","GGEXP","TOT","PC_GDP","A","1993",38.1749331779555,
"USA","GGEXP","TOT","PC_GDP","A","1994",37.2201010979298,
"USA","GGEXP","TOT","PC_GDP","A","1995",37.1774098845781,
"USA","GGEXP","TOT","PC_GDP","A","1996",36.486427929381,
"USA","GGEXP","TOT","PC_GDP","A","1997",35.372024094748,
"USA","GGEXP","TOT","PC_GDP","A","1998",34.4997803979418,
"USA","GGEXP","TOT","PC_GDP","A","1999",34.0574584002027,
"USA","GGEXP","TOT","PC_GDP","A","2000",33.7201411911719,
"USA","GGEXP","TOT","PC_GDP","A","2001",34.9950724094092,
"USA","GGEXP","TOT","PC_GDP","A","2002",36.0621721821534,
"USA","GGEXP","TOT","PC_GDP","A","2003",36.6081209868757,
"USA","GGEXP","TOT","PC_GDP","A","2004",36.3512274776683,
"USA","GGEXP","TOT","PC_GDP","A","2005",36.4456381628881,
"USA","GGEXP","TOT","PC_GDP","A","2006",36.1880811969612,
"USA","GGEXP","TOT","PC_GDP","A","2007",36.9464625955828,
"USA","GGEXP","TOT","PC_GDP","A","2008",39.4663629961093,
"USA","GGEXP","TOT","PC_GDP","A","2009",42.978668245538,
"USA","GGEXP","TOT","PC_GDP","A","2010",42.9368970512094,
"USA","GGEXP","TOT","PC_GDP","A","2011",41.836061081874,
"USA","GGEXP","TOT","PC_GDP","A","2012",40.024376464802,
"USA","GGEXP","TOT","PC_GDP","A","2013",38.7378630714033,
"USA","GGEXP","TOT","PC_GDP","A","2014",38.0617673944831,
"USA","GGEXP","TOT","PC_GDP","A","2015",37.6073426245787,
"USA","GGEXP","TOT","PC_GDP","A","2016",37.8174149875366,
"USA","GGEXP","GRALPUBSER","PC_GDP","A","1970",5.45978934531976,
"USA","GGEXP","GRALPUBSER","PC_GDP","A","1971",5.57489916678798,
"USA","GGEXP","GRALPUBSER","PC_GDP","A","1972",5.59102155329374,
"USA","GGEXP","GRALPUBSER","PC_GDP","A","1973",5.64054855661234,
"USA","GGEXP","GRALPUBSER","PC_GDP","A","1974",5.96800800606912,
"USA","GGEXP","GRALPUBSER","PC_GDP","A","1975",6.20046029333486,
"USA","GGEXP","GRALPUBSER","PC_GDP","A","1976",6.08919852981513,
"USA","GGEXP","GRALPUBSER","PC_GDP","A","1977",6.0019147141999,
"USA","GGEXP","GRALPUBSER","PC_GDP","A","1978",6.06232530231425,
"USA","GGEXP","GRALPUBSER","PC_GDP","A","1979",6.11946235443895,
"USA","GGEXP","GRALPUBSER","PC_GDP","A","1980",6.43845163589234,
"USA","GGEXP","GRALPUBSER","PC_GDP","A","1981",6.67470996176839,
"USA","GGEXP","GRALPUBSER","PC_GDP","A","1982",7.26862942232132,
"USA","GGEXP","GRALPUBSER","PC_GDP","A","1983",7.35159231221914,
"USA","GGEXP","GRALPUBSER","PC_GDP","A","1984",7.50957818374224,
"USA","GGEXP","GRALPUBSER","PC_GDP","A","1985",7.78338403040076,
"USA","GGEXP","GRALPUBSER","PC_GDP","A","1986",7.79405052770549,
"USA","GGEXP","GRALPUBSER","PC_GDP","A","1987",7.57949799772782,
"USA","GGEXP","GRALPUBSER","PC_GDP","A","1988",7.42399663102039,
"USA","GGEXP","GRALPUBSER","PC_GDP","A","1989",7.53064897653514,
"USA","GGEXP","GRALPUBSER","PC_GDP","A","1990",7.69992720235454,
"USA","GGEXP","GRALPUBSER","PC_GDP","A","1991",7.2317604525916,
"USA","GGEXP","GRALPUBSER","PC_GDP","A","1992",7.68903517028354,
"USA","GGEXP","GRALPUBSER","PC_GDP","A","1993",7.39194425472886,
"USA","GGEXP","GRALPUBSER","PC_GDP","A","1994",7.14051846039442,
"USA","GGEXP","GRALPUBSER","PC_GDP","A","1995",7.29204886183041,
"USA","GGEXP","GRALPUBSER","PC_GDP","A","1996",7.04061541188916,
"USA","GGEXP","GRALPUBSER","PC_GDP","A","1997",6.7432420109624,
"USA","GGEXP","GRALPUBSER","PC_GDP","A","1998",6.3955358730304,
"USA","GGEXP","GRALPUBSER","PC_GDP","A","1999",6.01022252806858,
"USA","GGEXP","GRALPUBSER","PC_GDP","A","2000",5.70193097975173,
"USA","GGEXP","GRALPUBSER","PC_GDP","A","2001",5.5115110173168,
"USA","GGEXP","GRALPUBSER","PC_GDP","A","2002",5.41833059834859,
"USA","GGEXP","GRALPUBSER","PC_GDP","A","2003",5.44769331411638,
"USA","GGEXP","GRALPUBSER","PC_GDP","A","2004",5.31447516433498,
"USA","GGEXP","GRALPUBSER","PC_GDP","A","2005",5.47276611714649,
"USA","GGEXP","GRALPUBSER","PC_GDP","A","2006",5.46647028324709,
"USA","GGEXP","GRALPUBSER","PC_GDP","A","2007",5.60538375224959,
"USA","GGEXP","GRALPUBSER","PC_GDP","A","2008",5.52933699727324,
"USA","GGEXP","GRALPUBSER","PC_GDP","A","2009",5.9109399233872,
"USA","GGEXP","GRALPUBSER","PC_GDP","A","2010",5.92155153587468,
"USA","GGEXP","GRALPUBSER","PC_GDP","A","2011",6.00751672613982,
"USA","GGEXP","GRALPUBSER","PC_GDP","A","2012",5.80321394868993,
"USA","GGEXP","GRALPUBSER","PC_GDP","A","2013",5.5458709954284,
"USA","GGEXP","GRALPUBSER","PC_GDP","A","2014",5.36254284796038,
"USA","GGEXP","GRALPUBSER","PC_GDP","A","2015",5.20843715098643,
"USA","GGEXP","GRALPUBSER","PC_GDP","A","2016",5.38234769033758,
"USA","GGEXP","RECULTREL","PC_GDP","A","1970",0.258856902788776,
"USA","GGEXP","RECULTREL","PC_GDP","A","1971",0.265891399847573,
"USA","GGEXP","RECULTREL","PC_GDP","A","1972",0.260205279118312,
"USA","GGEXP","RECULTREL","PC_GDP","A","1973",0.261524105928463,
"USA","GGEXP","RECULTREL","PC_GDP","A","1974",0.292544348134876,
"USA","GGEXP","RECULTREL","PC_GDP","A","1975",0.31718438318384,
"USA","GGEXP","RECULTREL","PC_GDP","A","1976",0.303474619285285,
"USA","GGEXP","RECULTREL","PC_GDP","A","1977",0.284330744106645,
"USA","GGEXP","RECULTREL","PC_GDP","A","1978",0.284226530836542,
"USA","GGEXP","RECULTREL","PC_GDP","A","1979",0.275554937554685,
"USA","GGEXP","RECULTREL","PC_GDP","A","1980",0.276296460617536,
"USA","GGEXP","RECULTREL","PC_GDP","A","1981",0.26409580199791,
"USA","GGEXP","RECULTREL","PC_GDP","A","1982",0.265650938971136,
"USA","GGEXP","RECULTREL","PC_GDP","A","1983",0.257604372787501,
"USA","GGEXP","RECULTREL","PC_GDP","A","1984",0.264236852440906,
"USA","GGEXP","RECULTREL","PC_GDP","A","1985",0.260517436769768,
"USA","GGEXP","RECULTREL","PC_GDP","A","1986",0.270361240524557,
"USA","GGEXP","RECULTREL","PC_GDP","A","1987",0.271897535571824,
"USA","GGEXP","RECULTREL","PC_GDP","A","1988",0.272435003500152,
"USA","GGEXP","RECULTREL","PC_GDP","A","1989",0.278293643716617,
"USA","GGEXP","RECULTREL","PC_GDP","A","1990",0.292227442387763,
"USA","GGEXP","RECULTREL","PC_GDP","A","1991",0.299269052709869,
"USA","GGEXP","RECULTREL","PC_GDP","A","1992",0.294389352742549,
"USA","GGEXP","RECULTREL","PC_GDP","A","1993",0.288193236007058,
"USA","GGEXP","RECULTREL","PC_GDP","A","1994",0.286368882251492,
"USA","GGEXP","RECULTREL","PC_GDP","A","1995",0.292442908849879,
"USA","GGEXP","RECULTREL","PC_GDP","A","1996",0.295646984562482,
"USA","GGEXP","RECULTREL","PC_GDP","A","1997",0.295893077958277,
"USA","GGEXP","RECULTREL","PC_GDP","A","1998",0.294955489875421,
"USA","GGEXP","RECULTREL","PC_GDP","A","1999",0.293459304492132,
"USA","GGEXP","RECULTREL","PC_GDP","A","2000",0.305529170826131,
"USA","GGEXP","RECULTREL","PC_GDP","A","2001",0.320500509140426,
"USA","GGEXP","RECULTREL","PC_GDP","A","2002",0.332907796792607,
"USA","GGEXP","RECULTREL","PC_GDP","A","2003",0.316497649572093,
"USA","GGEXP","RECULTREL","PC_GDP","A","2004",0.309565970570255,
"USA","GGEXP","RECULTREL","PC_GDP","A","2005",0.308567630023723,
"USA","GGEXP","RECULTREL","PC_GDP","A","2006",0.299230190082368,
"USA","GGEXP","RECULTREL","PC_GDP","A","2007",0.309567135792552,
"USA","GGEXP","RECULTREL","PC_GDP","A","2008",0.318651620108513,
"USA","GGEXP","RECULTREL","PC_GDP","A","2009",0.326089542226959,
"USA","GGEXP","RECULTREL","PC_GDP","A","2010",0.312722779145025,
"USA","GGEXP","RECULTREL","PC_GDP","A","2011",0.290012982404994,
"USA","GGEXP","RECULTREL","PC_GDP","A","2012",0.271608220007771,
"USA","GGEXP","RECULTREL","PC_GDP","A","2013",0.260347816199091,
"USA","GGEXP","RECULTREL","PC_GDP","A","2014",0.256701880332523,
"USA","GGEXP","RECULTREL","PC_GDP","A","2015",0.255911549622162,
"USA","GGEXP","RECULTREL","PC_GDP","A","2016",0.257005902179793,
"USA","GGEXP","HOUCOMM","PC_GDP","A","1970",0.495871302110637,
"USA","GGEXP","HOUCOMM","PC_GDP","A","1971",0.554133091276536,
"USA","GGEXP","HOUCOMM","PC_GDP","A","1972",0.554096108305282,
"USA","GGEXP","HOUCOMM","PC_GDP","A","1973",0.568548926218142,
"USA","GGEXP","HOUCOMM","PC_GDP","A","1974",0.628089035236389,
"USA","GGEXP","HOUCOMM","PC_GDP","A","1975",0.637151604898506,
"USA","GGEXP","HOUCOMM","PC_GDP","A","1976",0.614938215912232,
"USA","GGEXP","HOUCOMM","PC_GDP","A","1977",0.584289851487403,
"USA","GGEXP","HOUCOMM","PC_GDP","A","1978",0.606007627183734,
"USA","GGEXP","HOUCOMM","PC_GDP","A","1979",0.618545420974468,
"USA","GGEXP","HOUCOMM","PC_GDP","A","1980",0.6697280878112,
"USA","GGEXP","HOUCOMM","PC_GDP","A","1981",0.642643499319206,
"USA","GGEXP","HOUCOMM","PC_GDP","A","1982",0.66466546546762,
"USA","GGEXP","HOUCOMM","PC_GDP","A","1983",0.634912868866675,
"USA","GGEXP","HOUCOMM","PC_GDP","A","1984",0.618631507021197,
"USA","GGEXP","HOUCOMM","PC_GDP","A","1985",0.626815443503099,
"USA","GGEXP","HOUCOMM","PC_GDP","A","1986",0.630479798612465,
"USA","GGEXP","HOUCOMM","PC_GDP","A","1987",0.642394373803056,
"USA","GGEXP","HOUCOMM","PC_GDP","A","1988",0.64963659150494,
"USA","GGEXP","HOUCOMM","PC_GDP","A","1989",0.652651177785716,
"USA","GGEXP","HOUCOMM","PC_GDP","A","1990",0.679812609194378,
"USA","GGEXP","HOUCOMM","PC_GDP","A","1991",0.708644238467403,
"USA","GGEXP","HOUCOMM","PC_GDP","A","1992",0.716605862493824,
"USA","GGEXP","HOUCOMM","PC_GDP","A","1993",0.725236882802871,
"USA","GGEXP","HOUCOMM","PC_GDP","A","1994",0.685301395381293,
"USA","GGEXP","HOUCOMM","PC_GDP","A","1995",0.710772097295689,
"USA","GGEXP","HOUCOMM","PC_GDP","A","1996",0.697883916707746,
"USA","GGEXP","HOUCOMM","PC_GDP","A","1997",0.650692947622209,
"USA","GGEXP","HOUCOMM","PC_GDP","A","1998",0.601859268087024,
"USA","GGEXP","HOUCOMM","PC_GDP","A","1999",0.576422392590789,
"USA","GGEXP","HOUCOMM","PC_GDP","A","2000",0.527721597129117,
"USA","GGEXP","HOUCOMM","PC_GDP","A","2001",0.553417190870419,
"USA","GGEXP","HOUCOMM","PC_GDP","A","2002",0.597193499366068,
"USA","GGEXP","HOUCOMM","PC_GDP","A","2003",0.609060984286753,
"USA","GGEXP","HOUCOMM","PC_GDP","A","2004",0.64097320978176,
"USA","GGEXP","HOUCOMM","PC_GDP","A","2005",0.797748478928,
"USA","GGEXP","HOUCOMM","PC_GDP","A","2006",0.606218814701735,
"USA","GGEXP","HOUCOMM","PC_GDP","A","2007",0.649753913536292,
"USA","GGEXP","HOUCOMM","PC_GDP","A","2008",0.682613311526885,
"USA","GGEXP","HOUCOMM","PC_GDP","A","2009",1.29627147006406,
"USA","GGEXP","HOUCOMM","PC_GDP","A","2010",0.987625808821112,
"USA","GGEXP","HOUCOMM","PC_GDP","A","2011",0.860733579990006,
"USA","GGEXP","HOUCOMM","PC_GDP","A","2012",0.684390319860507,
"USA","GGEXP","HOUCOMM","PC_GDP","A","2013",0.556096848476984,
"USA","GGEXP","HOUCOMM","PC_GDP","A","2014",0.525861005947517,
"USA","GGEXP","HOUCOMM","PC_GDP","A","2015",0.51196106290293,
"USA","GGEXP","HOUCOMM","PC_GDP","A","2016",0.503971252880954,
"USA","GGEXP","ENVPROT","PC_GDP","A","1970",0,
"USA","GGEXP","ENVPROT","PC_GDP","A","1971",0,
"USA","GGEXP","ENVPROT","PC_GDP","A","1972",0,
"USA","GGEXP","ENVPROT","PC_GDP","A","1973",0,
"USA","GGEXP","ENVPROT","PC_GDP","A","1974",0,
"USA","GGEXP","ENVPROT","PC_GDP","A","1975",0,
"USA","GGEXP","ENVPROT","PC_GDP","A","1976",0,
"USA","GGEXP","ENVPROT","PC_GDP","A","1977",0,
"USA","GGEXP","ENVPROT","PC_GDP","A","1978",0,
"USA","GGEXP","ENVPROT","PC_GDP","A","1979",0,
"USA","GGEXP","ENVPROT","PC_GDP","A","1980",0,
"USA","GGEXP","ENVPROT","PC_GDP","A","1981",0,
"USA","GGEXP","ENVPROT","PC_GDP","A","1982",0,
"USA","GGEXP","ENVPROT","PC_GDP","A","1983",0,
"USA","GGEXP","ENVPROT","PC_GDP","A","1984",0,
"USA","GGEXP","ENVPROT","PC_GDP","A","1985",0,
"USA","GGEXP","ENVPROT","PC_GDP","A","1986",0,
"USA","GGEXP","ENVPROT","PC_GDP","A","1987",0,
"USA","GGEXP","ENVPROT","PC_GDP","A","1988",0,
"USA","GGEXP","ENVPROT","PC_GDP","A","1989",0,
"USA","GGEXP","ENVPROT","PC_GDP","A","1990",0,
"USA","GGEXP","ENVPROT","PC_GDP","A","1991",0,
"USA","GGEXP","ENVPROT","PC_GDP","A","1992",0,
"USA","GGEXP","ENVPROT","PC_GDP","A","1993",0,
"USA","GGEXP","ENVPROT","PC_GDP","A","1994",0,
"USA","GGEXP","ENVPROT","PC_GDP","A","1995",0,
"USA","GGEXP","ENVPROT","PC_GDP","A","1996",0,
"USA","GGEXP","ENVPROT","PC_GDP","A","1997",0,
"USA","GGEXP","ENVPROT","PC_GDP","A","1998",0,
"USA","GGEXP","ENVPROT","PC_GDP","A","1999",0,
"USA","GGEXP","ENVPROT","PC_GDP","A","2000",0,
"USA","GGEXP","ENVPROT","PC_GDP","A","2001",0,
"USA","GGEXP","ENVPROT","PC_GDP","A","2002",0,
"USA","GGEXP","ENVPROT","PC_GDP","A","2003",0,
"USA","GGEXP","ENVPROT","PC_GDP","A","2004",0,
"USA","GGEXP","ENVPROT","PC_GDP","A","2005",0,
"USA","GGEXP","ENVPROT","PC_GDP","A","2006",0,
"USA","GGEXP","ENVPROT","PC_GDP","A","2007",0,
"USA","GGEXP","ENVPROT","PC_GDP","A","2008",0,
"USA","GGEXP","ENVPROT","PC_GDP","A","2009",0,
"USA","GGEXP","ENVPROT","PC_GDP","A","2010",0,
"USA","GGEXP","ENVPROT","PC_GDP","A","2011",0,
"USA","GGEXP","ENVPROT","PC_GDP","A","2012",0,
"USA","GGEXP","ENVPROT","PC_GDP","A","2013",0,
"USA","GGEXP","ENVPROT","PC_GDP","A","2014",0,
"USA","GGEXP","ENVPROT","PC_GDP","A","2015",0,
"USA","GGEXP","ENVPROT","PC_GDP","A","2016",0,
"USA","GGEXP","PUBORD","PC_GDP","A","1970",1.14575549036885,
"USA","GGEXP","PUBORD","PC_GDP","A","1971",1.22061707356757,
"USA","GGEXP","PUBORD","PC_GDP","A","1972",1.25837362733333,
"USA","GGEXP","PUBORD","PC_GDP","A","1973",1.24755958668551,
"USA","GGEXP","PUBORD","PC_GDP","A","1974",1.30802382451213,
"USA","GGEXP","PUBORD","PC_GDP","A","1975",1.3721762330195,
"USA","GGEXP","PUBORD","PC_GDP","A","1976",1.33554397213019,
"USA","GGEXP","PUBORD","PC_GDP","A","1977",1.31489186466988,
"USA","GGEXP","PUBORD","PC_GDP","A","1978",1.28759116529907,
"USA","GGEXP","PUBORD","PC_GDP","A","1979",1.27903385188419,
"USA","GGEXP","PUBORD","PC_GDP","A","1980",1.3082597235638,
"USA","GGEXP","PUBORD","PC_GDP","A","1981",1.30148155253451,
"USA","GGEXP","PUBORD","PC_GDP","A","1982",1.38942077871062,
"USA","GGEXP","PUBORD","PC_GDP","A","1983",1.39601669755702,
"USA","GGEXP","PUBORD","PC_GDP","A","1984",1.37115093871274,
"USA","GGEXP","PUBORD","PC_GDP","A","1985",1.41991665466532,
"USA","GGEXP","PUBORD","PC_GDP","A","1986",1.46753214216078,
"USA","GGEXP","PUBORD","PC_GDP","A","1987",1.50455308254232,
"USA","GGEXP","PUBORD","PC_GDP","A","1988",1.54419815296302,
"USA","GGEXP","PUBORD","PC_GDP","A","1989",1.61465106006989,
"USA","GGEXP","PUBORD","PC_GDP","A","1990",1.69573527545121,
"USA","GGEXP","PUBORD","PC_GDP","A","1991",1.78699759622665,
"USA","GGEXP","PUBORD","PC_GDP","A","1992",1.83111370194267,
"USA","GGEXP","PUBORD","PC_GDP","A","1993",1.87399745126926,
"USA","GGEXP","PUBORD","PC_GDP","A","1994",1.89454975573815,
"USA","GGEXP","PUBORD","PC_GDP","A","1995",1.93537106964194,
"USA","GGEXP","PUBORD","PC_GDP","A","1996",1.95071702541702,
"USA","GGEXP","PUBORD","PC_GDP","A","1997",1.94594538082352,
"USA","GGEXP","PUBORD","PC_GDP","A","1998",1.96076252523883,
"USA","GGEXP","PUBORD","PC_GDP","A","1999",2.00078173004145,
"USA","GGEXP","PUBORD","PC_GDP","A","2000",2.02686902654884,
"USA","GGEXP","PUBORD","PC_GDP","A","2001",2.11616196992155,
"USA","GGEXP","PUBORD","PC_GDP","A","2002",2.18227915719351,
"USA","GGEXP","PUBORD","PC_GDP","A","2003",2.1459654390231,
"USA","GGEXP","PUBORD","PC_GDP","A","2004",2.13773962666013,
"USA","GGEXP","PUBORD","PC_GDP","A","2005",2.10681818147103,
"USA","GGEXP","PUBORD","PC_GDP","A","2006",2.10665675126704,
"USA","GGEXP","PUBORD","PC_GDP","A","2007",2.15648481260924,
"USA","GGEXP","PUBORD","PC_GDP","A","2008",2.26860848415968,
"USA","GGEXP","PUBORD","PC_GDP","A","2009",2.36443006562502,
"USA","GGEXP","PUBORD","PC_GDP","A","2010",2.29797147518118,
"USA","GGEXP","PUBORD","PC_GDP","A","2011",2.24938564599419,
"USA","GGEXP","PUBORD","PC_GDP","A","2012",2.16225001910833,
"USA","GGEXP","PUBORD","PC_GDP","A","2013",2.08983401568593,
"USA","GGEXP","PUBORD","PC_GDP","A","2014",2.05803331943011,
"USA","GGEXP","PUBORD","PC_GDP","A","2015",2.03490877898078,
"USA","GGEXP","PUBORD","PC_GDP","A","2016",2.03507481418939,
"USA","GGEXP","EDU","PC_GDP","A","1970",5.75935695669793,
"USA","GGEXP","EDU","PC_GDP","A","1971",5.95142879162849,
"USA","GGEXP","EDU","PC_GDP","A","1972",5.96865840279029,
"USA","GGEXP","EDU","PC_GDP","A","1973",5.86987215699286,
"USA","GGEXP","EDU","PC_GDP","A","1974",6.02850547996062,
"USA","GGEXP","EDU","PC_GDP","A","1975",6.34398371032901,
"USA","GGEXP","EDU","PC_GDP","A","1976",6.08003783579669,
"USA","GGEXP","EDU","PC_GDP","A","1977",5.79169884623368,
"USA","GGEXP","EDU","PC_GDP","A","1978",5.50643286368202,
"USA","GGEXP","EDU","PC_GDP","A","1979",5.41080024907461,
"USA","GGEXP","EDU","PC_GDP","A","1980",5.43436605350908,
"USA","GGEXP","EDU","PC_GDP","A","1981",5.22903459281286,
"USA","GGEXP","EDU","PC_GDP","A","1982",5.32387082655828,
"USA","GGEXP","EDU","PC_GDP","A","1983",5.21406972854513,
"USA","GGEXP","EDU","PC_GDP","A","1984",5.08848358437525,
"USA","GGEXP","EDU","PC_GDP","A","1985",5.15122388441529,
"USA","GGEXP","EDU","PC_GDP","A","1986",5.28023563474436,
"USA","GGEXP","EDU","PC_GDP","A","1987",5.32697003028818,
"USA","GGEXP","EDU","PC_GDP","A","1988",5.35206274800676,
"USA","GGEXP","EDU","PC_GDP","A","1989",5.48941061312447,
"USA","GGEXP","EDU","PC_GDP","A","1990",5.63690915880673,
"USA","GGEXP","EDU","PC_GDP","A","1991",5.82257039674003,
"USA","GGEXP","EDU","PC_GDP","A","1992",5.85073415361494,
"USA","GGEXP","EDU","PC_GDP","A","1993",5.83117377395032,
"USA","GGEXP","EDU","PC_GDP","A","1994",5.78874240551229,
"USA","GGEXP","EDU","PC_GDP","A","1995",5.90744331333523,
"USA","GGEXP","EDU","PC_GDP","A","1996",5.87432336555599,
"USA","GGEXP","EDU","PC_GDP","A","1997",5.87600765056459,
"USA","GGEXP","EDU","PC_GDP","A","1998",5.91144315959393,
"USA","GGEXP","EDU","PC_GDP","A","1999",5.97879598667746,
"USA","GGEXP","EDU","PC_GDP","A","2000",6.06563349586802,
"USA","GGEXP","EDU","PC_GDP","A","2001",6.30953779689816,
"USA","GGEXP","EDU","PC_GDP","A","2002",6.36460131137159,
"USA","GGEXP","EDU","PC_GDP","A","2003",6.34462633365391,
"USA","GGEXP","EDU","PC_GDP","A","2004",6.29801657492411,
"USA","GGEXP","EDU","PC_GDP","A","2005",6.21415172426855,
"USA","GGEXP","EDU","PC_GDP","A","2006",6.22669582779537,
"USA","GGEXP","EDU","PC_GDP","A","2007",6.31404922143706,
"USA","GGEXP","EDU","PC_GDP","A","2008",6.55257415422219,
"USA","GGEXP","EDU","PC_GDP","A","2009",6.88878548949392,
"USA","GGEXP","EDU","PC_GDP","A","2010",6.84952900128385,
"USA","GGEXP","EDU","PC_GDP","A","2011",6.66364822206267,
"USA","GGEXP","EDU","PC_GDP","A","2012",6.40244312333594,
"USA","GGEXP","EDU","PC_GDP","A","2013",6.26362481013559,
"USA","GGEXP","EDU","PC_GDP","A","2014",6.16708809567623,
"USA","GGEXP","EDU","PC_GDP","A","2015",6.11359464091757,
"USA","GGEXP","EDU","PC_GDP","A","2016",6.10040283014689,
"USA","GGEXP","SOCPROT","PC_GDP","A","1970",5.47503262433497,
"USA","GGEXP","SOCPROT","PC_GDP","A","1971",6.00554903790986,
"USA","GGEXP","SOCPROT","PC_GDP","A","1972",6.05684904428948,
"USA","GGEXP","SOCPROT","PC_GDP","A","1973",6.22029765867324,
"USA","GGEXP","SOCPROT","PC_GDP","A","1974",6.78708052878795,
"USA","GGEXP","SOCPROT","PC_GDP","A","1975",7.85032828613264,
"USA","GGEXP","SOCPROT","PC_GDP","A","1976",7.63964599243604,
"USA","GGEXP","SOCPROT","PC_GDP","A","1977",7.31752567533945,
"USA","GGEXP","SOCPROT","PC_GDP","A","1978",6.83624639359476,
"USA","GGEXP","SOCPROT","PC_GDP","A","1979",6.81619501676011,
"USA","GGEXP","SOCPROT","PC_GDP","A","1980",7.48424893580972,
"USA","GGEXP","SOCPROT","PC_GDP","A","1981",7.46061297632232,
"USA","GGEXP","SOCPROT","PC_GDP","A","1982",7.96603040187552,
"USA","GGEXP","SOCPROT","PC_GDP","A","1983",7.80479129840355,
"USA","GGEXP","SOCPROT","PC_GDP","A","1984",7.07316789471509,
"USA","GGEXP","SOCPROT","PC_GDP","A","1985",6.91342051296445,
"USA","GGEXP","SOCPROT","PC_GDP","A","1986",6.88824233604312,
"USA","GGEXP","SOCPROT","PC_GDP","A","1987",6.68530786205214,
"USA","GGEXP","SOCPROT","PC_GDP","A","1988",6.56857737334961,
"USA","GGEXP","SOCPROT","PC_GDP","A","1989",6.54385100075243,
"USA","GGEXP","SOCPROT","PC_GDP","A","1990",6.76583290256237,
"USA","GGEXP","SOCPROT","PC_GDP","A","1991",7.25709231373996,
"USA","GGEXP","SOCPROT","PC_GDP","A","1992",7.58399333017193,
"USA","GGEXP","SOCPROT","PC_GDP","A","1993",7.49731272600505,
"USA","GGEXP","SOCPROT","PC_GDP","A","1994",7.28953152759943,
"USA","GGEXP","SOCPROT","PC_GDP","A","1995",7.22692672030229,
"USA","GGEXP","SOCPROT","PC_GDP","A","1996",7.06668883895597,
"USA","GGEXP","SOCPROT","PC_GDP","A","1997",6.80767821163116,
"USA","GGEXP","SOCPROT","PC_GDP","A","1998",6.64763815565957,
"USA","GGEXP","SOCPROT","PC_GDP","A","1999",6.49964225913357,
"USA","GGEXP","SOCPROT","PC_GDP","A","2000",6.42301599285702,
"USA","GGEXP","SOCPROT","PC_GDP","A","2001",6.63231663412988,
"USA","GGEXP","SOCPROT","PC_GDP","A","2002",7.03871568735872,
"USA","GGEXP","SOCPROT","PC_GDP","A","2003",7.05445469290667,
"USA","GGEXP","SOCPROT","PC_GDP","A","2004",6.85203204450568,
"USA","GGEXP","SOCPROT","PC_GDP","A","2005",6.75727443815458,
"USA","GGEXP","SOCPROT","PC_GDP","A","2006",6.69835812760611,
"USA","GGEXP","SOCPROT","PC_GDP","A","2007",6.70969395208541,
"USA","GGEXP","SOCPROT","PC_GDP","A","2008",7.73812993670178,
"USA","GGEXP","SOCPROT","PC_GDP","A","2009",8.65296888999794,
"USA","GGEXP","SOCPROT","PC_GDP","A","2010",9.03662378882321,
"USA","GGEXP","SOCPROT","PC_GDP","A","2011",8.64633585699532,
"USA","GGEXP","SOCPROT","PC_GDP","A","2012",8.18875973407736,
"USA","GGEXP","SOCPROT","PC_GDP","A","2013",8.09728678346013,
"USA","GGEXP","SOCPROT","PC_GDP","A","2014",7.85776178476348,
"USA","GGEXP","SOCPROT","PC_GDP","A","2015",7.81979120690278,
"USA","GGEXP","SOCPROT","PC_GDP","A","2016",7.78433754508516,
"USA","GGEXP","ECOAFF","PC_GDP","A","1970",4.76250227719717,
"USA","GGEXP","ECOAFF","PC_GDP","A","1971",4.71890868921106,
"USA","GGEXP","ECOAFF","PC_GDP","A","1972",4.63901488480244,
"USA","GGEXP","ECOAFF","PC_GDP","A","1973",4.04137344956316,
"USA","GGEXP","ECOAFF","PC_GDP","A","1974",3.84065339854406,
"USA","GGEXP","ECOAFF","PC_GDP","A","1975",4.34128731742063,
"USA","GGEXP","ECOAFF","PC_GDP","A","1976",3.98410300028707,
"USA","GGEXP","ECOAFF","PC_GDP","A","1977",3.98312328525454,
"USA","GGEXP","ECOAFF","PC_GDP","A","1978",4.13796147028882,
"USA","GGEXP","ECOAFF","PC_GDP","A","1979",4.01896857427579,
"USA","GGEXP","ECOAFF","PC_GDP","A","1980",4.14297966291762,
"USA","GGEXP","ECOAFF","PC_GDP","A","1981",3.99002664626983,
"USA","GGEXP","ECOAFF","PC_GDP","A","1982",4.00162511648013,
"USA","GGEXP","ECOAFF","PC_GDP","A","1983",4.05908298670446,
"USA","GGEXP","ECOAFF","PC_GDP","A","1984",3.8097672849682,
"USA","GGEXP","ECOAFF","PC_GDP","A","1985",3.92227819783773,
"USA","GGEXP","ECOAFF","PC_GDP","A","1986",4.00115028795324,
"USA","GGEXP","ECOAFF","PC_GDP","A","1987",4.02986150309114,
"USA","GGEXP","ECOAFF","PC_GDP","A","1988",3.74423931330387,
"USA","GGEXP","ECOAFF","PC_GDP","A","1989",3.69053251917345,
"USA","GGEXP","ECOAFF","PC_GDP","A","1990",3.78947449398278,
"USA","GGEXP","ECOAFF","PC_GDP","A","1991",3.82998628289437,
"USA","GGEXP","ECOAFF","PC_GDP","A","1992",3.83905063830236,
"USA","GGEXP","ECOAFF","PC_GDP","A","1993",3.87016883087808,
"USA","GGEXP","ECOAFF","PC_GDP","A","1994",3.75999742774248,
"USA","GGEXP","ECOAFF","PC_GDP","A","1995",3.5650034055057,
"USA","GGEXP","ECOAFF","PC_GDP","A","1996",3.49744407577047,
"USA","GGEXP","ECOAFF","PC_GDP","A","1997",3.3921530019986,
"USA","GGEXP","ECOAFF","PC_GDP","A","1998",3.4190808223591,
"USA","GGEXP","ECOAFF","PC_GDP","A","1999",3.58255325949959,
"USA","GGEXP","ECOAFF","PC_GDP","A","2000",3.64611626559987,
"USA","GGEXP","ECOAFF","PC_GDP","A","2001",3.86813978465469,
"USA","GGEXP","ECOAFF","PC_GDP","A","2002",3.7865221579312,
"USA","GGEXP","ECOAFF","PC_GDP","A","2003",3.78507072133942,
"USA","GGEXP","ECOAFF","PC_GDP","A","2004",3.66530866820563,
"USA","GGEXP","ECOAFF","PC_GDP","A","2005",3.65523915805173,
"USA","GGEXP","ECOAFF","PC_GDP","A","2006",3.49068208403532,
"USA","GGEXP","ECOAFF","PC_GDP","A","2007",3.60345456975535,
"USA","GGEXP","ECOAFF","PC_GDP","A","2008",4.06613218583149,
"USA","GGEXP","ECOAFF","PC_GDP","A","2009",4.19996505935783,
"USA","GGEXP","ECOAFF","PC_GDP","A","2010",3.99556359598652,
"USA","GGEXP","ECOAFF","PC_GDP","A","2011",3.81192048473488,
"USA","GGEXP","ECOAFF","PC_GDP","A","2012",3.63135714826361,
"USA","GGEXP","ECOAFF","PC_GDP","A","2013",3.51349730524793,
"USA","GGEXP","ECOAFF","PC_GDP","A","2014",3.41790431492926,
"USA","GGEXP","ECOAFF","PC_GDP","A","2015",3.23317833944071,
"USA","GGEXP","ECOAFF","PC_GDP","A","2016",3.31060607077515,
"USA","GGEXP","DEF","PC_GDP","A","1970",7.85772443869413,
"USA","GGEXP","DEF","PC_GDP","A","1971",7.03657398289047,
"USA","GGEXP","DEF","PC_GDP","A","1972",6.71028633497316,
"USA","GGEXP","DEF","PC_GDP","A","1973",5.99006404400549,
"USA","GGEXP","DEF","PC_GDP","A","1974",5.9093829193098,
"USA","GGEXP","DEF","PC_GDP","A","1975",5.734423653417,
"USA","GGEXP","DEF","PC_GDP","A","1976",5.30297663969766,
"USA","GGEXP","DEF","PC_GDP","A","1977",5.12317882826586,
"USA","GGEXP","DEF","PC_GDP","A","1978",4.88463958862262,
"USA","GGEXP","DEF","PC_GDP","A","1979",4.86698481047572,
"USA","GGEXP","DEF","PC_GDP","A","1980",5.1912223734107,
"USA","GGEXP","DEF","PC_GDP","A","1981",5.44544989093591,
"USA","GGEXP","DEF","PC_GDP","A","1982",6.04686230844866,
"USA","GGEXP","DEF","PC_GDP","A","1983",6.15776701097292,
"USA","GGEXP","DEF","PC_GDP","A","1984",6.05802024553709,
"USA","GGEXP","DEF","PC_GDP","A","1985",6.24563177778994,
"USA","GGEXP","DEF","PC_GDP","A","1986",6.31407871847465,
"USA","GGEXP","DEF","PC_GDP","A","1987",6.26335541106279,
"USA","GGEXP","DEF","PC_GDP","A","1988",5.87755198396841,
"USA","GGEXP","DEF","PC_GDP","A","1989",5.52357648249914,
"USA","GGEXP","DEF","PC_GDP","A","1990",5.40252850154083,
"USA","GGEXP","DEF","PC_GDP","A","1991",5.31578740219334,
"USA","GGEXP","DEF","PC_GDP","A","1992",4.8982161543615,
"USA","GGEXP","DEF","PC_GDP","A","1993",4.42322246674453,
"USA","GGEXP","DEF","PC_GDP","A","1994",4.02853837623508,
"USA","GGEXP","DEF","PC_GDP","A","1995",3.74115025195523,
"USA","GGEXP","DEF","PC_GDP","A","1996",3.5664176728454,
"USA","GGEXP","DEF","PC_GDP","A","1997",3.30067380959434,
"USA","GGEXP","DEF","PC_GDP","A","1998",3.09436463271446,
"USA","GGEXP","DEF","PC_GDP","A","1999",3.06571293945401,
"USA","GGEXP","DEF","PC_GDP","A","2000",2.9645070642743,
"USA","GGEXP","DEF","PC_GDP","A","2001",3.08979888953159,
"USA","GGEXP","DEF","PC_GDP","A","2002",3.41047162408538,
"USA","GGEXP","DEF","PC_GDP","A","2003",3.78369808186665,
"USA","GGEXP","DEF","PC_GDP","A","2004",3.91459729947092,
"USA","GGEXP","DEF","PC_GDP","A","2005",3.92092365458083,
"USA","GGEXP","DEF","PC_GDP","A","2006",3.9142853926071,
"USA","GGEXP","DEF","PC_GDP","A","2007",3.94528526240646,
"USA","GGEXP","DEF","PC_GDP","A","2008",4.33889623334639,
"USA","GGEXP","DEF","PC_GDP","A","2009",4.62878203149388,
"USA","GGEXP","DEF","PC_GDP","A","2010",4.71546684351338,
"USA","GGEXP","DEF","PC_GDP","A","2011",4.5435646490388,
"USA","GGEXP","DEF","PC_GDP","A","2012",4.22482968204253,
"USA","GGEXP","DEF","PC_GDP","A","2013",3.78305339173186,
"USA","GGEXP","DEF","PC_GDP","A","2014",3.50404349787742,
"USA","GGEXP","DEF","PC_GDP","A","2015",3.30543818527239,
"USA","GGEXP","DEF","PC_GDP","A","2016",3.21341675402931,
"USA","GGEXP","HEALTH","PC_GDP","A","1970",2.79732759293753,
"USA","GGEXP","HEALTH","PC_GDP","A","1971",2.97276004692705,
"USA","GGEXP","HEALTH","PC_GDP","A","1972",3.090571242989,
"USA","GGEXP","HEALTH","PC_GDP","A","1973",3.17636986900694,
"USA","GGEXP","HEALTH","PC_GDP","A","1974",3.41652543056833,
"USA","GGEXP","HEALTH","PC_GDP","A","1975",3.68009672436221,
"USA","GGEXP","HEALTH","PC_GDP","A","1976",3.68994885456706,
"USA","GGEXP","HEALTH","PC_GDP","A","1977",3.69586821550458,
"USA","GGEXP","HEALTH","PC_GDP","A","1978",3.69197448326403,
"USA","GGEXP","HEALTH","PC_GDP","A","1979",3.73570128978555,
"USA","GGEXP","HEALTH","PC_GDP","A","1980",3.99230743701758,
"USA","GGEXP","HEALTH","PC_GDP","A","1981",4.09569611044187,
"USA","GGEXP","HEALTH","PC_GDP","A","1982",4.37585631770011,
"USA","GGEXP","HEALTH","PC_GDP","A","1983",4.4570614025805,
"USA","GGEXP","HEALTH","PC_GDP","A","1984",4.37984276459508,
"USA","GGEXP","HEALTH","PC_GDP","A","1985",4.4076311087819,
"USA","GGEXP","HEALTH","PC_GDP","A","1986",4.49734268232772,
"USA","GGEXP","HEALTH","PC_GDP","A","1987",4.584231051717,
"USA","GGEXP","HEALTH","PC_GDP","A","1988",4.60291408359509,
"USA","GGEXP","HEALTH","PC_GDP","A","1989",4.79707895073133,
"USA","GGEXP","HEALTH","PC_GDP","A","1990",5.09632016514847,
"USA","GGEXP","HEALTH","PC_GDP","A","1991",5.65985692033567,
"USA","GGEXP","HEALTH","PC_GDP","A","1992",6.03616687354409,
"USA","GGEXP","HEALTH","PC_GDP","A","1993",6.2736690179769,
"USA","GGEXP","HEALTH","PC_GDP","A","1994",6.34656654929602,
"USA","GGEXP","HEALTH","PC_GDP","A","1995",6.50625125586178,
"USA","GGEXP","HEALTH","PC_GDP","A","1996",6.49670298304943,
"USA","GGEXP","HEALTH","PC_GDP","A","1997",6.35974961999834,
"USA","GGEXP","HEALTH","PC_GDP","A","1998",6.17414047138308,
"USA","GGEXP","HEALTH","PC_GDP","A","1999",6.0498576489469,
"USA","GGEXP","HEALTH","PC_GDP","A","2000",6.05882732142324,
"USA","GGEXP","HEALTH","PC_GDP","A","2001",6.59368861694564,
"USA","GGEXP","HEALTH","PC_GDP","A","2002",6.93115034970577,
"USA","GGEXP","HEALTH","PC_GDP","A","2003",7.12107983288549,
"USA","GGEXP","HEALTH","PC_GDP","A","2004",7.21850262584025,
"USA","GGEXP","HEALTH","PC_GDP","A","2005",7.21214114301766,
"USA","GGEXP","HEALTH","PC_GDP","A","2006",7.37948372561903,
"USA","GGEXP","HEALTH","PC_GDP","A","2007",7.65278997571081,
"USA","GGEXP","HEALTH","PC_GDP","A","2008",7.97141327880634,
"USA","GGEXP","HEALTH","PC_GDP","A","2009",8.71042883847194,
"USA","GGEXP","HEALTH","PC_GDP","A","2010",8.81982885750234,
"USA","GGEXP","HEALTH","PC_GDP","A","2011",8.76294937867341,
"USA","GGEXP","HEALTH","PC_GDP","A","2012",8.65552426941604,
"USA","GGEXP","HEALTH","PC_GDP","A","2013",8.62824511397017,
"USA","GGEXP","HEALTH","PC_GDP","A","2014",8.91183638558795,
"USA","GGEXP","HEALTH","PC_GDP","A","2015",9.1241161910066,
"USA","GGEXP","HEALTH","PC_GDP","A","2016",9.2302574971912,
